sort_order,station_country,origin_zone,origin_country,zone,delivery_country,cms_service,service_name,fuel_type,note
10,GR,,GR,Z1,,S1003,Export Express,AIR,
20,GR,,GR,Z2,,S1003,Export Express,AIR,
30,GR,,GR,Z3,,S1003,Export Express,AIR,
40,GR,,GR,Z4,,S1003,Export Express,AIR,
50,GR,,GR,Z5,,S1003,Export Express,AIR,
60,GR,,GR,Z6,,S1003,Export Express,AIR,
70,GR,,GR,Z7,,S1003,Export Express,AIR,
80,GR,,GR,Z9,,S1003,Export Express,AIR,
90,GR,,GR,Z10,,S1003,Export Express,AIR,
100,GR,Z1,,,GR,S1012,IMPORT EXPRESS,AIR,
110,GR,Z2,,,GR,S1012,IMPORT EXPRESS,AIR,
120,GR,Z3,,,GR,S1012,IMPORT EXPRESS,AIR,
130,GR,Z4,,,GR,S1012,IMPORT EXPRESS,AIR,
140,GR,Z5,,,GR,S1012,IMPORT EXPRESS,AIR,
150,GR,Z6,,,GR,S1012,IMPORT EXPRESS,AIR,
160,GR,Z7,,,GR,S1012,IMPORT EXPRESS,AIR,
170,GR,,GR,Z1,,S1026,CARGO EXPORT,AIR,
180,GR,,GR,Z2,,S1026,CARGO EXPORT,AIR,
190,GR,,GR,Z3,,S1026,CARGO EXPORT,AIR,
200,GR,,GR,Z4,,S1026,CARGO EXPORT,AIR,
210,GR,,GR,Z5,,S1026,CARGO EXPORT,AIR,
220,GR,,GR,Z6,,S1026,CARGO EXPORT,AIR,
230,GR,,GR,Z7,,S1026,CARGO EXPORT,AIR,
240,GR,,GR,Z5,BG,S1026,CARGO EXPORT,AIR,ειδική γραμμή Βουλγαρίας
250,GR,,GR,Z1,,S1029,Bio Express,AIR,
260,GR,,GR,Z2,,S1029,Bio Express,AIR,
270,GR,,GR,Z3,,S1029,Bio Express,AIR,
280,GR,,GR,Z4,,S1029,Bio Express,AIR,
290,GR,,GR,Z5,,S1029,Bio Express,AIR,
300,GR,,GR,Z6,,S1029,Bio Express,AIR,
310,GR,,GR,Z7,,S1029,Bio Express,AIR,
320,GR,,GR,Z9,,S1029,Bio Express,AIR,
330,GR,,GR,Z10,,S1029,Bio Express,AIR,
340,GR,,GR,Z1,,S1032,Airletter 500gr,AIR,
350,GR,,GR,Z2,,S1032,Airletter 500gr,AIR,
360,GR,,GR,Z3,,S1032,Airletter 500gr,AIR,
370,GR,,GR,Z4,,S1032,Airletter 500gr,AIR,
380,GR,,GR,Z5,,S1032,Airletter 500gr,AIR,
390,GR,,GR,Z6,,S1032,Airletter 500gr,AIR,
400,GR,,GR,Z7,,S1032,Airletter 500gr,AIR,
410,GR,,GR,Z9,,S1032,Airletter 500gr,AIR,
420,GR,,GR,Z10,,S1032,Airletter 500gr,AIR,
430,GR,,GR,Z9,,S1027,Air Cyprus,AIR_CY,
440,GR,,GR,Z1,,S1010,Road 4-8 export,ROAD,
450,GR,,GR,Z2,,S1010,Road 4-8 export,ROAD,
460,GR,,GR,Z3,,S1010,Road 4-8 export,ROAD,
470,GR,Z1,,,GR,S1041,IMPORT ROAD,ROAD,
480,GR,Z2,,,GR,S1041,IMPORT ROAD,ROAD,
490,GR,Z3,,,GR,S1041,IMPORT ROAD,ROAD,
500,CY,,CY,Z1,,S1003,Export Express,AIR,νέα: σταθμός Κύπρου
510,CY,,CY,Z2,,S1003,Export Express,AIR,νέα: σταθμός Κύπρου
520,CY,,CY,Z3,,S1003,Export Express,AIR,νέα: σταθμός Κύπρου
530,CY,,CY,Z4,,S1003,Export Express,AIR,νέα: σταθμός Κύπρου
540,CY,,CY,Z5,,S1003,Export Express,AIR,νέα: σταθμός Κύπρου
550,CY,,CY,Z6,,S1003,Export Express,AIR,νέα: σταθμός Κύπρου
560,CY,,CY,Z7,,S1003,Export Express,AIR,νέα: σταθμός Κύπρου
570,CY,Z1,,,CY,S1012,IMPORT EXPRESS,AIR,νέα: σταθμός Κύπρου
580,CY,Z2,,,CY,S1012,IMPORT EXPRESS,AIR,νέα: σταθμός Κύπρου
590,CY,Z3,,,CY,S1012,IMPORT EXPRESS,AIR,νέα: σταθμός Κύπρου
600,CY,Z4,,,CY,S1012,IMPORT EXPRESS,AIR,νέα: σταθμός Κύπρου
610,CY,Z5,,,CY,S1012,IMPORT EXPRESS,AIR,νέα: σταθμός Κύπρου
620,CY,Z6,,,CY,S1012,IMPORT EXPRESS,AIR,νέα: σταθμός Κύπρου
630,CY,Z7,,,CY,S1012,IMPORT EXPRESS,AIR,νέα: σταθμός Κύπρου
640,CY,,CY,Z1,,S1050,EXPORTAIRANDROAD,ROAD,
650,CY,,CY,Z2,,S1050,EXPORTAIRANDROAD,ROAD,
660,CY,,CY,Z3,,S1050,EXPORTAIRANDROAD,ROAD,
670,CY,Z1,,,CY,S1051,IMPORT ROAD AND AIR,ROAD,νέα
680,CY,Z2,,,CY,S1051,IMPORT ROAD AND AIR,ROAD,νέα
690,CY,Z3,,,CY,S1051,IMPORT ROAD AND AIR,ROAD,νέα
